{
  "original_filename": "3504418d-560c-4e36-86ae-b8d3e69ad92e_converted_b31af7ceeb46a96faaaab9f30b7a0aa7.jpg",
  "dimensions": {
    "width": 64,
    "height": 64,
    "total_pixels": 4096
  },
  "pixel_size": 3,
  "allowed_colors": [
    "#FFFFFF",
    "#C4C4C4",
    "#888888",
    "#555555",
    "#000000",
    "#FF0000",
    "#FF8888",
    "#FFAAAA",
    "#FFDDDD",
    "#00FF00",
    "#88FF88",
    "#AAFFAA",
    "#DDFFDD",
    "#0000FF",
    "#8888FF",
    "#AAAAFF",
    "#DDDDFF",
    "#FFFF00",
    "#FFFF88",
    "#FFFFAA",
    "#FFFFDD",
    "#FF00FF",
    "#FF88FF",
    "#FFAAFF",
    "#FFDDFF",
    "#00FFFF",
    "#88FFFF",
    "#AAFFFF",
    "#DDFFFF",
    "#FFA500",
    "#FFAA88",
    "#FFCCAA"
  ],
  "color_stats": {
    "unique_colors": 32,
    "color_breakdown": {
      "#FFFF00": 168,
      "#C4C4C4": 137,
      "#FFA500": 143,
      "#000000": 153,
      "#0000FF": 105,
      "#FFFFFF": 190,
      "#FFAAAA": 88,
      "#FFFF88": 117,
      "#FF88FF": 109,
      "#FF8888": 103,
      "#FFFFAA": 85,
      "#FFAAFF": 108,
      "#88FF88": 76,
      "#DDFFFF": 101,
      "#FFFFDD": 141,
      "#FF0000": 110,
      "#AAFFAA": 86,
      "#AAFFFF": 79,
      "#FFDDDD": 300,
      "#FFCCAA": 121,
      "#AAAAFF": 102,
      "#FFAA88": 129,
      "#FF00FF": 103,
      "#DDDDFF": 131,
      "#00FF00": 123,
      "#88FFFF": 112,
      "#888888": 276,
      "#555555": 142,
      "#8888FF": 113,
      "#00FFFF": 79,
      "#FFDDFF": 134,
      "#DDFFDD": 132
    },
    "free_pixels": 4096,
    "premium_pixels": 0,
    "total_pixels": 4096
  },
  "pixels": [
    {
      "x": 0,
      "y": 0,
      "color": "#FFFF00",
      "original_rgb": [
        