{
  "original_filename": "3504418d-560c-4e36-86ae-b8d3e69ad92e_converted_b31af7ceeb46a96faaaab9f30b7a0aa7.jpg",
  "dimensions": {
    "width": 64,
    "height": 64,
    "total_pixels": 4096
  },
  "pixel_size": 4,
  "allowed_colors": [
    "#FFFFFF",
    "#C4C4C4",
    "#888888",
    "#555555",
    "#000000",
    "#FF0000",
    "#FF8888",
    "#FFAAAA",
    "#FFDDDD",
    "#00FF00",
    "#88FF88",
    "#AAFFAA",
    "#DDFFDD",
    "#0000FF",
    "#8888FF",
    "#AAAAFF",
    "#DDDDFF",
    "#FFFF00",
    "#FFFF88",
    "#FFFFAA",
    "#FFFFDD",
    "#FF00FF",
    "#FF88FF",
    "#FFAAFF",
    "#FFDDFF",
    "#00FFFF",
    "#88FFFF",
    "#AAFFFF",
    "#DDFFFF",
    "#FFA500",
    "#FFAA88",
    "#FFCCAA",
    "#FFDDCC",
    "#8B4513",
    "#A0522D",
    "#D2B48C",
    "#F4A460",
    "#800080",
    "#9370DB",
    "#BA55D3",
    "#DDA0DD",
    "#008000",
    "#228B22",
    "#32CD32",
    "#90EE90",
    "#000080",
    "#191970",
    "#4169E1",
    "#87CEEB",
    "#800000",
    "#B22222",
    "#DC143C",
    "#F08080",
    "#808000",
    "#BDB76B",
    "#F0E68C",
    "#FFFFE0",
    "#008080",
    "#20B2AA",
    "#48D1CC",
    "#AFEEEE",
    "#FFB6C1",
    "#FFC0CB",
    "#FFE4E1",
    "#FFF0F5"
  ],
  "color_stats": {
    "unique_colors": 59,
    "color_breakdown": {
      "#87CEEB": 61,
      "#C4C4C4": 80,
      "#FFA500": 66,
      "#000000": 95,
      "#FFFF00": 85,
      "#0000FF": 48,
      "#FFFFFF": 116,
      "#DDA0DD": 75,
      "#FFFF88": 71,
      "#BDB76B": 56,
      "#FF8888": 54,
      "#FFFFAA": 53,
      "#FFAAFF": 66,
      "#F0E68C": 146,
      "#88FF88": 43,
      "#DDFFFF": 63,
      "#FFFFDD": 76,
      "#FFC0CB": 48,
      "#FFDDCC": 70,
      "#AAFFFF": 52,
      "#FFB6C1": 53,
      "#A0522D": 80,
      "#FF0000": 69,
      "#FFDDDD": 131,
      "#DC143C": 54,
      "#FFAA88": 81,
      "#191970": 63,
      "#FF00FF": 72,
      "#F4A460": 67,
      "#DDDDFF": 84,
      "#AFEEEE": 78,
      "#D2B48C": 54,
      "#00FF00": 68,
      "#FFE4E1": 72,
      "#228B22": 70,
      "#FF88FF": 64,
      "#B22222": 77,
      "#4169E1": 54,
      "#555555": 87,
      "#888888": 190,
      "#9370DB": 68,
      "#32CD32": 73,
      "#48D1CC": 64,
      "#8888FF": 62,
      "#00FFFF": 44,
      "#FFCCAA": 58,
      "#20B2AA": 53,
      "#90EE90": 55,
      "#AAAAFF": 61,
      "#FFFFE0": 36,
      "#BA55D3": 53,
      "#FFF0F5": 50,
      "#FFDDFF": 74,
      "#AAFFAA": 40,
      "#F08080": 65,
      "#FFAAAA": 51,
      "#88FFFF": 68,
      "#DDFFDD": 63,
      "#8B4513": 66
    },
    "free_pixels": 2335,
    "premium_pixels": 1761,
    "total_pixels": 4096
  },
  "pixels": [
    {
      "x": 0,
      "y": 0,
      "color": "#87CEEB",
      "original_rgb": [
        